metric,value,limit,breached
var_hist,34.397469974443666,5000,False
es_hist,35.830697890045485,7000,False
var_param,59.023973402519424,5000,False
es_param,67.62556883089464,7000,False
lc_var,34.397469974443666,8000,False
