base_value,var_hist,es_hist,var_param,es_param,lc_var
9634.253481711065,34.397469974443666,35.830697890045485,59.023973402519424,67.62556883089464,34.397469974443666
