base_value,var_hist,es_hist,var_param,es_param,lc_var
596590.2505068268,2704720.7825047886,2704720.7825047886,4528927.399256042,5188244.31406213,2704745.865128646
