delta,gamma,vega,theta,rho,dv01
293429.11325553746,0.2655922997079613,330.56280845510923,-119.3105808248223,-288469.68139219977,-295718.13276867993
